"cueanexo","nombre","departamento","mat_secundaria"
"540000901","Aula Sat. Nº 01: ""B.O.P. Nº 15""","LEANDRO N. ALEM","133"
"540001200","INST. EDUCATIVO ""LOS LAPACHOS""","IGUAZU","227"
"540002300","ESC. DE COMERCIO Nº 14","APOSTOLES","216"
"540003800","E.F.A. ""PADRE ANTONIO SEPP""","25 DE MAYO","184"
"540004200","INST. SUP. ""CEFERINO NAMUNCURA""","GUARANI","270"
"540005300","I.E.A. Nº 03","GUARANI","886"
"540006000","INST. SUP. ""ADOLFO KOLPING""","LIBERTADOR GENERAL SAN MARTIN","238"
"540006200","CENTRO. EDUC. ALAS Y RAICES","CAPITAL","166"
"540007000","INST. ""SAN JUAN PABLO II""","LIBERTADOR GENERAL SAN MARTIN","454"
"540007100","I.E.A. Nº 04","CANDELARIA","174"
"540009700","B.O.P. Nº 16","OBERA","432"
"540011200","C.E.N.S. Nº 176","CAPITAL","64"
"540012000","INST. ADVENTISTA ""MONTECARLO""","MONTECARLO","131"
"540017800","B.O.P. Nº 26","25 DE MAYO","288"
"540020300","BACH. COMUN Nº 03","GENERAL MANUEL BELGRANO","207"
"540020400","INST. ADVENTISTA ""COMANDANTE ANDRESITO""","GENERAL MANUEL BELGRANO","202"
"540020500","CENTRO COM. RURAL EVANG.","GENERAL MANUEL BELGRANO","240"
"540020800","INST. ""SAN ALBERTO MAGNO""","CAPITAL","802"
"540020900","E.P.E.T. Nº 35 (Ex B.O.P Nº 41)","OBERA","213"
"540021800","B.O.P. Nº 04","LEANDRO N. ALEM","236"
"540022500","E.P.E.T. Nº 13","SAN JAVIER","484"
"540023600","ESC. DE COMERCIO Nº 19","ELDORADO","2096"
"540023900","INST. ""SAN FRANCISCO DE ASIS""","ELDORADO","778"
"540024600","B.O.P. Nº 46","ELDORADO","584"
"540026900","B.O.P. Nº 27","LIBERTADOR GENERAL SAN MARTIN","334"
"540027000","B.O.P. Nº 34","LIBERTADOR GENERAL SAN MARTIN","110"
"540027800","E.P.E.T. Nº 38 (EX B.O.P. Nº 50)","LEANDRO N. ALEM","154"
"540027900","INST. SUP. ADVENTISTA DE MISIONES","LEANDRO N. ALEM","244"
"540031100","INST. ""CARLOS CULMEY""","MONTECARLO","466"
"540032900","ESC. DE COMERCIO Nº 13","CAINGUAS","564"
"540033100","ESC. NORMAL SUP. Nº 06: ""LIBERTADOR GRAL. JOSE DE SAN MARTIN""","CAINGUAS","1078"
"540036400","INST. SUP. ""NUESTRA SEÑORA DE LOURDES""","CAINGUAS","434"
"540037000","B.O.P. Nº 03: ""Guillermo Furlong""","OBERA","976"
"540037001","Aula Sat. Nº 01: ""B.O.P. Nº 03""","OBERA","62"
"540037100","E.F.A. ""SAN CONRADO""","ELDORADO","244"
"540040800","B.O.P. Nº 43","MONTECARLO","200"
"540041800","ESC. DE COMERCIO Nº 02: ""INDEPENDENCIA NACIONAL""","SAN IGNACIO","730"
"540041900","INST. CANOSSIANO ""NTRA. SRA. DE LA SALUD""","SAN IGNACIO","590"
"540042300","INST. INTERCULTURAL BILINGÜE ""TAJY POTY""","SAN IGNACIO","106"
"540044400","B.O.P. Nº 18","OBERA","310"
"540045200","B.O.P. Nº 06","OBERA","514"
"540046000","BACH. PEDAG. Nº 01: ""DR. FERNANDO OLEAGA""","OBERA","642"
"540046600","INST. ""PROYECCION 2000""","CAPITAL","250"
"540049600","BACH. COMUN Nº 01 ""DE LA SOBERANIA""","GENERAL MANUEL BELGRANO","402"
"540050900","INST. PRIV. ""DE ESTUDIOS SUPERIORES (I.P.E.T.)""","OBERA","236"
"540052400","INST. ""VIRGEN DE ITATI""","CAPITAL","1044"
"540053100","B.O.P. Nº 29","MONTECARLO","105"
"540053600","B.O.P. Nº 08:  ""TRINCHERAS DE SAN JOSÉ""","CAPITAL","1032"
"540054000","INST. SUP. ""VERBO DIVINO""","CAPITAL","1012"
"540054300","INST. ""SAN MIGUEL""","CAPITAL","792"
"540054900","ESC. NORMAL SUP. Nº 01: ""DOMINGO F.SARMIENTO""","LEANDRO N. ALEM","890"
"540055000","INST. ""SANTIAGO CANCLINI""","LEANDRO N. ALEM","212"
"540055100","E.F.A. ""SANTA TERESITA""","LEANDRO N. ALEM","182"
"540055200","E.P.E.T. Nº 09","LEANDRO N. ALEM","576"
"540055800","B.O.P. Nº 22: ""Andrés Guacurarí""","IGUAZU","822"
"540056300","ESC. DE COMERCIO Nº 03: ""J.J.LANUSSE""","APOSTOLES","1122"
"540056700","INST. ""LA INMACULADA""","APOSTOLES","342"
"540056800","INST. SUP. ""CRISTO REY""","APOSTOLES","732"
"540057000","E.P.E.T. Nº 05: ""FRAY LUIS BELTRAN""","APOSTOLES","842"
"540057200","INST. ""SANTA BARBARA""","APOSTOLES","356"
"540057800","E.F.A. ""ESPIRITU SANTO""","GUARANI","193"
"540058700","B.O.P. Nº 32","APOSTOLES","480"
"540059100","B.O.P. Nº 21","CAPITAL","1786"
"540059300","INST. ""DON BOSCO""","CAPITAL","140"
"540059500","B.O.P. Nº 17","CAPITAL","626"
"540059600","E.F.A. ""SANTA RITA""","25 DE MAYO","256"
"540059700","ESC. DE COMERCIO Nº 11","25 DE MAYO","692"
"540059900","B.O.P. Nº 40","25 DE MAYO","412"
"540059901","Aula Sat. Nº 01: ""B.O.P. Nº 40""","25 DE MAYO","168"
"540059902","Aula Sat. Nº 02: ""B.O.P. Nº 40""","25 DE MAYO","38"
"540060900","BACH. PEDAG. Nº 03","LEANDRO N. ALEM","234"
"540061000","INST. SUP. ""ESPÍRITU SANTO""","LEANDRO N. ALEM","325"
"540061600","ESC. NORMAL SUP. Nº 13","GUARANI","958"
"540061700","E.F.A. ""SAN VICENTE DE PAUL""","GUARANI","382"
"540061800","ESC. DE COMERCIO Nº 15","GUARANI","346"
"540061900","ESC. NORMAL SUP. Nº 10: ""SAN ANTONIO"" (ANEXO COMERCIAL)","CAPITAL","824"
"540062100","E.P.E.T. Nº 01: ""UNESCO""","CAPITAL","2160"
"540062200","INST. ""SAN ALBERTO MAGNO""","LIBERTADOR GENERAL SAN MARTIN","274"
"540062400","E.P.E.T. Nº 10","LIBERTADOR GENERAL SAN MARTIN","1034"
"540062700","CENTRO EDUCATIVO INTEGRAL ""SAN JORGE""","CAPITAL","242"
"540062800","INST. ""SAN IGNACIO DE LOYOLA""","CAPITAL","206"
"540063500","I.P.E.S.M.I.","CAPITAL","394"
"540063600","INST. SUP. ""ROQUE GONZALEZ""","CAPITAL","1516"
"540063700","COLEGIO Nº 01: ""MARTÍN DE MOUSSY""","CAPITAL","2144"
"540064000","ESC. NORMAL SUP. Nº 03: ""JOSE M. ESTRADA""","LIBERTADOR GENERAL SAN MARTIN","1020"
"540064100","ESC. DE COMERCIO Nº 10","CANDELARIA","1028"
"540064200","B.O.P. Nº 05: ""JUAN MARTIN DE PUEYRREDON""","CANDELARIA","1298"
"540064700","E.P.E.T. Nº 04: ""O.E.A""","IGUAZU","1086"
"540064800","INST. SUP. ""SAGRADA FAMILIA""","IGUAZU","558"
"540065400","B.O.P. Nº 23 ""Demetrio Koropeski""","IGUAZU","1042"
"540065700","ESC. NORMAL SUP. Nº 08 ""REMEDIOS ESCALADA DE SAN MARTÍN""","IGUAZU","1446"
"540066200","ESC. DE COMERCIO Nº 08: ""GRANADERO LORENZO NAPUREY""","CAPITAL","1596"
"540066900","ESC. NORMAL SUP. Nº 11","ELDORADO","1448"
"540067000","INST. ADVENTISTA ""PUERTO IGUAZÚ""","IGUAZU","506"
"540067700","B.O.P. Nº 38","GUARANI","341"
"540068800","ESC. DE COMERCIO Nº 06 ""MARIANO MORENO""","CAPITAL","1798"
"540069200","C.E.P. Nº 04","CAPITAL","1912"
"540070100","B.O.P. Nº 30","MONTECARLO","87"
"540070700","ESC. NORMAL SUP. ""EE.UU. DEL BRASIL""","CAPITAL","1014"
"540070800","E.P.E.T. Nº 03: ""POLONIA""","OBERA","1492"
"540070900","ESC. DE COMERCIO Nº 01: ""SANTIAGO DE LINIERS""","OBERA","816"
"540071100","E.P.E.T. Nº 06","ELDORADO","1514"
"540072000","INST. ""JOSE M. ESTRADA""","CAPITAL","356"
"540072600","B.O.P. Nº 20","IGUAZU","872"
"540073200","ESC. NORMAL SUP. Nº 09: ""JUAN XXIII"" (ANEXO COMERCIAL)","IGUAZU","1128"
"540073700","INST. BACHILLERATO HUMANISTA ""MONSEÑOR JORGE KEMERER""","CAPITAL","680"
"540073800","INST. ""POSADAS""","CAPITAL","620"
"540073900","INST. SUP. ""PEDRO GOYENA""","CAPITAL","698"
"540074100","B.O.P. Nº 01","CAPITAL","1460"
"540074300","INST. ""INMACULADA CONCEPCION""","CAPITAL","808"
"540074400","INST. PRIV. ""SAN BASILIO MAGNO""","CAPITAL","1248"
"540074500","INST. SUP. ""SANTA CATALINA""","CAPITAL","1900"
"540075300","B.O.P. Nº 42: ""IVONNE PIERRON""","CAINGUAS","232"
"540075400","B.O.P. Nº 07","CAINGUAS","514"
"540076500","I.E.A. Nº 01","CANDELARIA","456"
"540078100","E.F.A. ""STA. MARIA GORETTI""","GENERAL MANUEL BELGRANO","372"
"540078200","INST. ""PQUIAL SAN ANDRÉS""","GENERAL MANUEL BELGRANO","96"
"540078800","COLEGIO Nº 02: ""MANUEL BELGRANO""","CAPITAL","355"
"540078900","ESC. DE COMERCIO Nº 18: ""LIBERTADOR GENERAL DON JOSÉ DE SAN MARTIN""","CAPITAL","1170"
"540079000","B.O.P. Nº 14","SAN IGNACIO","406"
"540079600","E.F.A. ""SAN IGNACIO DE LOYOLA""","SAN IGNACIO","202"
"540079800","B.O.P. Nº 35","CAPITAL","1162"
"540080100","B.O.P. Nº 24","ELDORADO","518"
"540080500","INST. ADVENTISTA ""ALTA GRACIA""","CAPITAL","420"
"540081200","B.O.P. Nº 36","CAPITAL","842"
"540082800","B.A.P.A.Y.C.","CAPITAL","300"
"540083500","E.P.E.T. Nº 12","SAN IGNACIO","488"
"540083600","ESC. NORMAL SUP. Nº 05: ""FRAY MAMERTO ESQUIU""","SAN IGNACIO","956"
"540085100","B.O.P. Nº 44","SAN IGNACIO","167"
"540086800","ESC. NORMAL SUP. ""MARIANO MORENO""","APOSTOLES","343"
"540086900","ESC. DE COMERCIO Nº 05","SAN JAVIER","1460"
"540087500","BACH. COMUN Nº 08","SAN JAVIER","182"
"540088000","B.O.P. Nº 19: ""GRAL.MANUEL DE ROSAS""","LIBERTADOR GENERAL SAN MARTIN","372"
"540088200","INST. ""NTRA. SRA. DE LOS MILAGROS""","MONTECARLO","474"
"540088400","E.P.E.T. Nº 15: ""CELULOSA ARGENTINA""","MONTECARLO","696"
"540089200","B.O.P. Nº 25","LIBERTADOR GENERAL SAN MARTIN","250"
"540090500","INST. ""NTRA. SRA. DE ITATI""","LIBERTADOR GENERAL SAN MARTIN","196"
"540090600","E.P.E.T. Nº 14","LIBERTADOR GENERAL SAN MARTIN","458"
"540090800","E.F.A. ""SAN WENDELINO""","LIBERTADOR GENERAL SAN MARTIN","156"
"540091300","I.E.A. Nº 02","SAN PEDRO","400"
"540091600","INST. ""SAN FRANCISCO""","SAN PEDRO","308"
"540091700","E.F.A. ""SAN PEDRO""","SAN PEDRO","320"
"540091800","ESC. DE COMERCIO Nº 17","SAN PEDRO","850"
"540092700","E.P.E.T. Nº 08","CAINGUAS","348"
"540092800","E.F.A. ""SAN BONIFACIO""","CAINGUAS","228"
"540094100","ESC. NORMAL SUP. Nº 12","GENERAL MANUEL BELGRANO","351"
"540094600","B.O.P. Nº 91 (Ex C. Basico  Nº 7)","GENERAL MANUEL BELGRANO","470"
"540095000","B.O.P. Nº 31","OBERA","412"
"540095300","B.O.P. Nº 11: ""MARTIN M. DE GÜEMES""","CAINGUAS","548"
"540095600","INST. SUP. ""BELÉN""","CAINGUAS","344"
"540096300","INST. SUP. ""SAN JOSE""","ELDORADO","636"
"540096400","BACH. PEDAG. Nº 04","ELDORADO","530"
"540096600","B.O.P. Nº 28","ELDORADO","582"
"540097200","INST. FAMILIAR ""GUMERCINDO ESQUIVEL""","ELDORADO","1012"
"540097400","B.O.P. Nº 48","ELDORADO","228"
"540098100","B.O.P. Nº 39","GUARANI","466"
"540098700","INST. ""MADRE TERESA MICHEL""","MONTECARLO","298"
"540098800","E.P.E.T. Nº 11","MONTECARLO","448"
"540099100","ESC. NORMAL SUP. Nº 02: ""MANUEL BELGRANO""","MONTECARLO","1260"
"540099800","E.P.E.T. Nº 07","SAN IGNACIO","616"
"540100300","INST. ""NTRA. SRA. DE FATIMA""","SAN IGNACIO","246"
"540101200","ESC. DE COMERCIO Nº 07","SAN IGNACIO","486"
"540101400","B.O.P. Nº 33","SAN IGNACIO","146"
"540101600","BACH. PEDAG. Nº 02: ""JOSE M. ESTRADA""","SAN IGNACIO","268"
"540102000","B.O.P. Nº 02","OBERA","240"
"540103600","B.O.P. Nº 45","SAN IGNACIO","578"
"540104100","BACH. COMUN Nº 05","SAN JAVIER","416"
"540104400","E.P.E.T. Nº 02: ""CLOTILDE M.G.DE FERNANDEZ""","CAPITAL","1254"
"540104500","B.O.P. Nº 09","CAPITAL","582"
"540104700","INST. SUP. ""ESPÍRITU SANTO""","CAPITAL","172"
"540105300","INST. ""MADRE DE LA MISERICORDIA""","CAPITAL","1914"
"540105400","INST. SUP. ""SANTA MARIA""","CAPITAL","1318"
"540105600","INST. ADVENTISTA ""MARIANO MORENO""","CAPITAL","282"
"540106600","ESC. AGROT. ""SAN ANTONIO""","GENERAL MANUEL BELGRANO","254"
"540106601","Aula Sat. Nº 01: ""ESC. AGROT. SAN ANTONIO""","GENERAL MANUEL BELGRANO","16"
"540106800","INST. ""SAN JOSAFAT""","APOSTOLES","862"
"540106900","B.O.P. Nº 12","APOSTOLES","826"
"540107000","INST. AGROTÉCNICO SALESIANO ""PASCUAL GENTILINI""","APOSTOLES","358"
"540107100","INST. POLITÉCNICO ""SAN ARNOLDO JANSSEN""","CAPITAL","1848"
"540107700","INST. ""LINEA CUCHILLA""","LIBERTADOR GENERAL SAN MARTIN","960"
"540108000","COLEGIO AMADEO BONPLAND","OBERA","1466"
"540108100","CENTRO POLIVALENTE DE ARTE","OBERA","406"
"540108200","E.F.A. ""CONCEPCIÓN DE LA VIRGEN MARÍA""","CONCEPCION","232"
"540108600","ESC. NORMAL SUP. Nº 07","CONCEPCION","900"
"540108700","INST. PRIV. ""EMMANUEL""","OBERA","312"
"540109500","INST. ""CONCORDIA""","OBERA","622"
"540109600","B.O.P. Nº 37","MONTECARLO","496"
"540109800","INST. ""HINDENBURG""","ELDORADO","378"
"540109900","INST.PRIV. S.O.S. ""HERMANN GMEINER""","OBERA","600"
"540110300","INST. ""CARLOS LINNEO""","OBERA","672"
"540110400","ESC. NORMAL SUP. Nº 04: ""NICOLAS AVELLANEDA""","OBERA","732"
"540112000","INST. SUP. ""COLEGIO DEL CARMEN""","CAPITAL","460"
"540112100","INST. ""SAN PABLO""","CAINGUAS","324"
"540112200","INST. SUP. ""JESUS DE NAZARETH""","CAPITAL","1124"
"540112300","B.O.P. Nº 10: ""WENCESLAO HUGO ROQUE AMABLE""","OBERA","630"
"540113300","INST. ""NTRA. SRA. DEL IGUAZÚ""","IGUAZU","546"
"540114600","INST. ""GUTENBERG""","CAPITAL","242"
"540114900","INST. ""JESUS NIÑO""","CAPITAL","574"
"540115100","INST. ""SAN LUCAS"" ","IGUAZU","290"
"540115200","INST. ""CRECER""","IGUAZU","320"
"540115300","COLEGIO ARGENTINO AMERICANO","IGUAZU","272"
"540116200","INST. ""JESÚS SACRAMENTADO""","IGUAZU","30"
"540116700","INST. AGROTÉCNICO ""JARDÍN AMÉRICA""","SAN IGNACIO","222"
"540116800","E.F.A. ""SAN BERNARDO""","GENERAL MANUEL BELGRANO","246"
"540116900","INST. EVANGÉLICO BAUTISTA ""BELEN""","GENERAL MANUEL BELGRANO","342"
"540117200","INST. ""HORACIO QUIROGA""","CAPITAL","132"
"540117300","INST. SUP. ""COMBATE MBORORÉ""","CAPITAL","536"
"540117600","INST. CRISTIANO ""REPUBLICA ARGENTINA""","CAPITAL","238"
"540119900","E.P.E.T. Nº 37: ""BENJAMIN MATIENZO"" (EX E.P.I.P.A.)","CAPITAL","278"
"540122200","INST. PRIV. ""GENESIS""","CAPITAL","210"
"540124200","B.O.P. Nº 51","SAN JAVIER","330"
"540125300","C.E.P. Nº 01","CAPITAL","990"
"540126100","INST. ""DIEGO THOMSON""","CAINGUAS","150"
"540126200","E.F.A. ""JESUS DE GALILEA""","CAINGUAS","208"
"540126700","ITEC IGUAZU","IGUAZU","496"
"540126800","ITEC ALEM","LEANDRO N. ALEM","128"
"540128400","INST. DE ARTE ""LEONARDO DAVINCI""","SAN IGNACIO","172"
"540128700","C.E.P. Nº 05","CAPITAL","848"
"540128800","INST. SUP. ""LISANDRO DE LA TORRE""","CAPITAL","550"
"540129500","C.E.P. Nº 06","CAPITAL","768"
"540129600","INST. SUP. ""SAN AGUSTIN""","APOSTOLES","244"
"540130600","INST. ""SAN JUAN PABLO II""","OBERA","652"
"540130800","INST. ""NTRA. SRA. DE FÁTIMA""","CAPITAL","434"
"540130900","E.F.A. ""SAN CRISTOBAL""","CAPITAL","226"
"540131000","INST. ADVENTISTA ""PUERTO ESPERANZA""","IGUAZU","270"
"540131100","E.F.A. ""SAN ARNOLDO JANSSEN""","IGUAZU","264"
"540131400","E.F.A. ""S.J. FREINADEMETZ""","MONTECARLO","238"
"540131401","Aula Sat. Nº 01: ""E.F.A. S.J. FREINADEMETZ""","MONTECARLO","93"
"540131700","C.E.P. Nº 03 ","CAPITAL","894"
"540132500","E.P.E.T. Nº 36 (EX C.E.P. Nº 07)","CAPITAL","1552"
"540132700","C.E.P. Nº 08","OBERA","478"
"540133100","E.P.E.T. Nº 46 (Ex. C.E.P. Nº 09)","CANDELARIA","234"
"540133700","C.E.P. Nº 11","CAPITAL","894"
"540133800","E.F.A. ""SANTISIMA TRINIDAD""","25 DE MAYO","422"
"540135600","E.F.A. ""CRISTO REY DE TAMANDUÁ""","OBERA","378"
"540136200","C.E.P. Nº 13: ""JUAN CARLOS PIREZ""","25 DE MAYO","70"
"540136200","C.E.P. Nº 13: ""JUAN CARLOS PIREZ""","GUARANI","70"
"540136500","C.E.P. Nº 14","25 DE MAYO","122"
"540136501","Aula Sat. Nº 01: ""C.E.P. Nº 14""","25 DE MAYO","59"
"540137600","E.P.E.T. Nº 16","CAINGUAS","468"
"540137800","C.E.P. Nº 12","LEANDRO N. ALEM","56"
"540137900","INST. ""NUESTRA SEÑORA DE CANDELARIA""","CANDELARIA","318"
"540139500","C.E.P. Nº 20","CAPITAL","324"
"540139600","E.P.E.T. Nº 17","MONTECARLO","458"
"540139800","C.E.P. Nº 26","CAPITAL","202"
"540140000","C.E.P. Nº 16","ELDORADO","964"
"540140100","C.E.P. Nº 18","OBERA","438"
"540140200","I.E.A. Nº 18 (Ex C.E.P. Nº 24)","LIBERTADOR GENERAL SAN MARTIN","306"
"540140400","C.E.P. Nº 21","LEANDRO N. ALEM","300"
"540140500","C.E.P. Nº 22","SAN IGNACIO","56"
"540140700","C.E.P. Nº 25","CAPITAL","251"
"540140800","C.E.P. Nº 27","CAINGUAS","510"
"540140900","C.E.P. Nº 28","GUARANI","728"
"540141000","C.E.P. Nº 29","LEANDRO N. ALEM","128"
"540141100","C.E.P. Nº 30","LIBERTADOR GENERAL SAN MARTIN","212"
"540141200","C.E.P. Nº 31","CANDELARIA","118"
"540141400","E.P.E.T. Nº 18","IGUAZU","808"
"540141500","E.P.E.T. Nº 19","CANDELARIA","266"
"540143600","INST. SUP. ""MULTIVERSIDAD POPULAR""","CAPITAL","57"
"540148100","E.P.E.T. Nº 22 (Ex Aula Sat. Nº 01: ""BACH. PEDAG. Nº 04(1830)"")","ELDORADO","195"
"540148200","B.O.P. Nº 93 (Ex C. Basico  Nº 09)","APOSTOLES","166"
"540148300","C.E.P. Nº 38","SAN IGNACIO","310"
"540148400","B.O.P. Nº 95 (Ex C. Basico  Nº 11)","CANDELARIA","122"
"540148500","C.E.P. Nº 36","CAPITAL","712"
"540148600","B.O.P. Nº 86 (Ex C. Basico  Nº 02)","CAPITAL","844"
"540148700","B.O.P. Nº 85 (Ex C. Basico  Nº 01)","CAPITAL","371"
"540148701","Aula Sat. Nº 01: ""B.O.P. Nº 85""","CAPITAL","63"
"540148800","B.O.P. Nº 88 (Ex C. Basico  Nº 04)","ELDORADO","262"
"540148900","B.O.P. Nº 89 (Ex C. Basico  Nº 05)","IGUAZU","395"
"540149000","B.O.P. Nº 96 (Ex C. Basico  Nº 12)","GUARANI","576"
"540149100","B.O.P. Nº 94 (Ex C. Basico  Nº 10)","MONTECARLO","600"
"540149200","C.E.P. Nº 37 (Ex Aula Sat. ""I.E.A. Nº 02"")","SAN PEDRO","206"
"540149300","C.E.P. Nº 35","SAN IGNACIO","109"
"540149400","E.P.E.T. Nº 20","SAN PEDRO","232"
"540149500","E.P.E.T. Nº 21","GUARANI","622"
"540149600","E.P.E.T. Nº 23","CONCEPCION","422"
"540149800","B.O.P. Nº 99 (Ex C. Basico  Nº 15)","MONTECARLO","170"
"540149900","B.O.P. Nº 92 (Ex C. Basico  Nº 08)","GENERAL MANUEL BELGRANO","276"
"540150000","C.E.P. Nº 39 (Ex Aula Sat. ""B.O.L.P. Nº 18"")","OBERA","214"
"540150100","C.E.P. Nº 40 (Ex Aula Sat. Nº 03: ""I.E.A. Nº 02"")","SAN PEDRO","570"
"540150200","C.E.P. Nº 42","LEANDRO N. ALEM","132"
"540150201","Aula Sat. Nº 01: ""C.E.P. Nº 42""","LEANDRO N. ALEM","102"
"540150300","C.E.P. Nº 43","LEANDRO N. ALEM","218"
"540150400","B.O.P. Nº 100 (Ex C. Basico Nº 16)","SAN IGNACIO","464"
"540150500","B.O.P. Nº 87 (Ex C. Básico  Nº 03)","IGUAZU","632"
"540150600","B.O.P. Nº 90 (Ex C. Basico  Nº 06)","LEANDRO N. ALEM","57"
"540150700","B.O.P. Nº 98 (Ex C. Basico  Nº 14)","IGUAZU","326"
"540150900","B.O.P. Nº 102","CAPITAL","108"
"540151300","B.O.P. Nº 101 (Ex C. Basico Nº 17)","SAN IGNACIO","288"
"540151400","B.O.P. Nº 97 (Ex C. Basico  Nº 13)","GUARANI","624"
"540151500","C.E.P. Nº 41 (Ex Aula Sat. Nº 02: ""B.O.L.P. Nº 03"")","OBERA","136"
"540151600","C.E.P. Nº 44 (Ex Aula Sat. ""B.O.L.P. Nº 10"")","OBERA","354"
"540151700","C.E.P. Nº 45","LEANDRO N. ALEM","127"
"540152400","C.E.P. Nº 49","ELDORADO","294"
"540152500","C.E.P. Nº 47","SAN IGNACIO","158"
"540152600","E.P.E.T. Nº 24 (Ex C.E.P. Nº 10)","GENERAL MANUEL BELGRANO","103"
"540153900","C.E.P. Nº 19 (Ex Aula Sat. Nº 02: ""B.O.L.P. Nº 16"")","OBERA","80"
"540154200","C.E.P. Nº 46 (Ex Aula Sat. Nº 01: ""B.O.P. Nº 10"")","OBERA","268"
"540154800","INST. ""UNIVERSO""","CAPITAL","338"
"540155000","INST. SUP. ""YABOTI""","CAPITAL","432"
"540155200","B.O.P. Nº 104 (Ex C. Basico Nº 20)","SAN PEDRO","219"
"540155300","B.O.P. Nº 105 (Ex C. Basico Nº 21)","OBERA","77"
"540155400","C.E.P. Nº 55","MONTECARLO","135"
"540155500","C.E.P. Nº 51 (Ex Aula Sat. Nº 03: ""B.O.L.P. Nº 03"")","OBERA","120"
"540155700","E.P.E.T. Nº 25","CAINGUAS","466"
"540155800","B.O.P. Nº 107 (Ex C. Basico Nº 23)","CONCEPCION","176"
"540156100","C.E.P. Nº 57","CAPITAL","598"
"540156200","E.P.E.T. Nº 26","GENERAL MANUEL BELGRANO","154"
"540156300","C.E.P. Nº 54","25 DE MAYO","152"
"540156500","B.O.P. Nº 103 (Ex C. Basico Nº 19)","SAN IGNACIO","44"
"540156800","C.E.P. Nº 56","OBERA","204"
"540157600","C.E.P. Nº 52 (Ex Aula Sat. ""BOLP Nº 28"")","ELDORADO","115"
"540158400","E.P.E.T. Nº 27","LIBERTADOR GENERAL SAN MARTIN","109"
"540158500","C.E.P. Nº 61 (Ex Aula Sat. Nº 02: ""B.O.L.P. 31"")","OBERA","61"
"540158600","B.O.P. Nº 106 (Ex C. Basico Nº 22)","IGUAZU","459"
"540159100","C.E.P. Nº 50","SAN IGNACIO","64"
"540159800","C.E.P. Nº 10 (Ex Aula Sat. ""C.E.P. Nº 15"")","LIBERTADOR GENERAL SAN MARTIN","49"
"540161100","C.E.P. Nº 64","CAPITAL","66"
"540161700","C.E.P. Nº 63 (Ex Aula Sat. Nº 01: ""B.O.L.P. 16"")","OBERA","82"
"540161900","E.F.A. ""SAN ANTONIO""","APOSTOLES","139"
"540163400","E.P.E.T. Nº 30","APOSTOLES","147"
"540163500","B.O.P. Nº 56","SAN PEDRO","105"
"540163700","B.O.P. Nº 61","CAPITAL","482"
"540163800","B.O.P. Nº 54","GENERAL MANUEL BELGRANO","70"
"540163900","B.O.P. Nº 63","CAINGUAS","120"
"540163901","Aula Sat. Nº 01: ""B.O.P. Nº 63""","CAINGUAS","35"
"540164000","B.O.P. Nº 65","OBERA","60"
"540164100","B.O.P. Nº 78","25 DE MAYO","69"
"540164200","B.O.P. Nº 67","OBERA","102"
"540164300","B.O.P. Nº 57","25 DE MAYO","69"
"540164400","B.O.P. Nº 53","GUARANI","142"
"540164500","B.O.P. Nº 52","GUARANI","103"
"540164501","Aula Sat. Nº 01: ""B.O.P. Nº 52""","GUARANI","108"
"540164700","B.O.P. Nº 55","LEANDRO N. ALEM","220"
"540164900","E.P.E.T. Nº 49 (EX B.O.P.Nº 77)","LIBERTADOR GENERAL SAN MARTIN","255"
"540165100","B.O.P. Nº 68","LEANDRO N. ALEM","26"
"540165101","Aula Sat. Nº 01: ""B.O.P. Nº 68""","LEANDRO N. ALEM","44"
"540165300","B.O.P. Nº 64","CAINGUAS","53"
"540165500","B.O.P. Nº 58","CAINGUAS","101"
"540165600","B.O.P. Nº 76","GUARANI","215"
"540166000","B.O.P. Nº 73","SAN IGNACIO","68"
"540166001","Aula Sat. Nº 01: ""B.O.P. Nº 73""","SAN IGNACIO","13"
"540166100","E.P.E.T. Nº 50 (EX B.O.P. Nº 70)","LEANDRO N. ALEM","36"
"540166200","E.P.E.T. Nº 29","ELDORADO","85"
"540166300","B.O.P. Nº 60","CAINGUAS","79"
"540166400","B.O.P. Nº 72","SAN JAVIER","74"
"540167700","B.O.P. Nº 71","APOSTOLES","32"
"540167800","I.E.A. Nº 05","ELDORADO","127"
"540167801","Aula Sat. Nº 01: ""I.E.A. Nº 05""","ELDORADO","13"
"540167802","Aula Sat. Nº 02: ""I.E.A. Nº 05""","ELDORADO","13"
"540168000","B.O.P. Nº 66","OBERA","96"
"540168001","Aula Sat. Nº 01: ""B.O.P. Nº 66""","OBERA","17"
"540168002","Aula Sat. Nº 02: ""B.O.P. Nº 66""","OBERA","20"
"540168100","I.E.A. Nº 13 (Ex B.O.P. Nº 69)","OBERA","113"
"540168400","B.O.P. Nº 79","CAINGUAS","104"
"540169900","E.P.E.T. Nº 31","SAN PEDRO","65"
"540170200","B.O.P. Nº 62","CAINGUAS","101"
"540170600","I.E.A. Nº 06","CAINGUAS","58"
"540170700","C.E.P. Nº 65 ","CANDELARIA","222"
"540170800","B.O.P. Nº 59","25 DE MAYO","126"
"540170900","B.O.P. Nº 74","SAN PEDRO","114"
"540171100","I.E.A. Nº 07","CAPITAL","260"
"540172000","E.P.E.T. Nº 28","SAN PEDRO","94"
"540174900","INST. ""DIVINO NIÑO JESÚS""","ELDORADO","105"
"540175200","INST. BAUTISTA DEL CENTRO","ELDORADO","15"
"540175600","E.F.A. ""PADRE JOSE MARX""","OBERA","97"
"540175700","E.F.A. ""SANTOS MARTIRES""","CANDELARIA","108"
"540176200","E.P.E.T. Nº 32","OBERA","133"
"540176300","I.E.A. Nº 08","MONTECARLO","67"
"540176400","E.P.E.T. Nº 33","IGUAZU","274"
"540176600","B.O.P. Nº 83","CAPITAL","20"
"540176900","B.O.P. Nº 82","CANDELARIA","471"
"540177000","I.E.A. Nº 09","25 DE MAYO","127"
"540177300","B.O.P. Nº 108","GENERAL MANUEL BELGRANO","69"
"540177500","B.O.P. Nº 84","GUARANI","98"
"540178700","I.E.A. Nº 10","25 DE MAYO","144"
"540178800","I.E.A. Nº 12 (Ex Aula Sat. 01 E.P.E.T. Nº 13)","SAN JAVIER","143"
"540178900","B.O.P. Nº 109","CAINGUAS","86"
"540179000","E.P.E.T. Nº 39","GUARANI","173"
"540179100","I.E.A. Nº 11","ELDORADO","193"
"540179200","INST. ""ARISTOBULO DEL VALLE""","CAINGUAS","209"
"540179500","INST. EDUCATIVO ""PUERTO BEMBERG - ELDORADO""","ELDORADO","95"
"540179700","B.O.P. Nº 110","CAINGUAS","190"
"540179800","B.O.P. Nº 41 (Ex Aula Sat. ""E.P.E.T. Nº 35 (ExAula Sat. Nº 02: ""B.O.P. 41""))","OBERA","94"
"540180500","INST. SUP. CULTURAL ""LATINOAMERICANO""","GENERAL MANUEL BELGRANO","148"
"540180900","INST. ""LAS ARAUCARIAS""","SAN PEDRO","79"
"540181100","INST. CONCORDIA","GUARANI","57"
"540181400","B.O.P. Nº 111 ""TEKOÁ FORTÍN MBORORÉ""","IGUAZU","109"
"540181700","E.P.E.T. Nº 40","CANDELARIA","176"
"540181900","INST. ADVENTISTA ""EL DORADO""","ELDORADO","119"
"540182400","INST. ""POSADAS EDUCA""","CAPITAL","41"
"540183501","U.G.L. Nº 01 (Ext. Esc. Nº 463)","GENERAL MANUEL BELGRANO","24"
"540183505","U.G.L. Nº 01 (Ext. Esc. Nº 287)","GENERAL MANUEL BELGRANO","11"
"540183507","U.G.L. Nº 01 (Ext. Esc. Nº 102)","GENERAL MANUEL BELGRANO","23"
"540183508","U.G.L. Nº 01 (Ext. Esc. Nº 591)","GENERAL MANUEL BELGRANO","11"
"540183509","U.G.L. Nº 01 (Ext. Esc. Nº 325)","GENERAL MANUEL BELGRANO","12"
"540183511","U.G.L. Nº 01 (Ext. Esc. Nº 512)","GENERAL MANUEL BELGRANO","33"
"540183512","U.G.L. Nº 01 (Ext. Esc. Nº 775)","GENERAL MANUEL BELGRANO","10"
"540183513","U.G.L. Nº 01 (Ext. Esc. Nº 864)","GENERAL MANUEL BELGRANO","29"
"540183515","U.G.L. Nº 01 (Ext. Esc. Nº 776)","GENERAL MANUEL BELGRANO","26"
"540183516","U.G.L. Nº 01 (Ext. Esc. Nº 886)","GENERAL MANUEL BELGRANO","14"
"540183601","U.G.L. Nº 02 (Ext. Esc. Nº 554)","GENERAL MANUEL BELGRANO","9"
"540183602","U.G.L. Nº 02 (Ext. Esc. Nº 642)","GENERAL MANUEL BELGRANO","69"
"540183603","U.G.L. Nº 02 (Ext. Esc. Nº 710)","GENERAL MANUEL BELGRANO","24"
"540183604","U.G.L. Nº 02 (Ext. Esc. Nº 158)","GENERAL MANUEL BELGRANO","25"
"540183605","U.G.L. Nº 02 (Ext. Esc. Nº 757)","GENERAL MANUEL BELGRANO","8"
"540183607","U.G.L. Nº 02 (Ext. Esc. Nº 697)","GENERAL MANUEL BELGRANO","68"
"540183608","U.G.L. Nº 02 (Ext. Esc. Nº 478)","GENERAL MANUEL BELGRANO","13"
"540183701","U.G.L. Nº 03 (Ext. Esc. Nº 06)","SAN PEDRO","61"
"540183702","U.G.L. Nº 03 (Ext. Esc. Nº 25)","SAN PEDRO","28"
"540183703","U.G.L. Nº 03 (Ext. Esc. Nº 81)","SAN PEDRO","18"
"540183706","U.G.L. Nº 03 (Ext. Esc. Nº 384)","SAN PEDRO","45"
"540183708","U.G.L. Nº 03 (Ext. Esc. Nº 536)","SAN PEDRO","22"
"540183710","U.G.L. Nº 03 (Ext. Esc. Nº 644)","SAN PEDRO","17"
"540183711","U.G.L. Nº 03 (Ext. Esc. Nº 684)","SAN PEDRO","33"
"540183713","U.G.L. Nº 03 (Ext. Esc. Nº 724)","SAN PEDRO","23"
"540183715","U.G.L. Nº 03 (Ext. Esc. Nº 780)","GUARANI","34"
"540183718","U.G.L. Nº 03 (Ext. Esc. Nº 825)","SAN PEDRO","34"
"540183719","U.G.L. Nº 03 (Ext. Esc. Nº 904)","SAN PEDRO","43"
"540183801","U.G.L. Nº 04 (Ext. Esc. Nº 479)","GUARANI","11"
"540183802","U.G.L. Nº 04 (Ext. Esc. Nº 522)","GUARANI","8"
"540183803","U.G.L. Nº 04 (Ext. Esc. Nº 411)","GUARANI","14"
"540183804","U.G.L. Nº 04 (Ext. Esc. Nº 56)","GUARANI","19"
"540183805","U.G.L. Nº 04 (Ext. Esc. Nº 535)","GUARANI","9"
"540183806","U.G.L. Nº 04 (Ext. Esc. Nº 352)","GUARANI","67"
"540183808","U.G.L. Nº 04 (Ext. Esc. Nº 751)","CAINGUAS","15"
"540183809","U.G.L. Nº 04 (Ext. Esc. Nº 476)","GUARANI","54"
"540183810","U.G.L. Nº 04 (Ext. Esc. Nº 594)","GUARANI","34"
"540183811","U.G.L. Nº 04 (Ext. Esc. Nº 350)","GUARANI","38"
"540183812","U.G.L. Nº 04 (Ext. Esc. Nº 390)","GUARANI","53"
"540183813","U.G.L. Nº 04 (Ext. Esc. Nº 224)","GUARANI","53"
"540183901","U.G.L. Nº 05 (Ext. Esc. Nº 92)","GUARANI","54"
"540183902","U.G.L. Nº 05 (Ext. Esc. Nº 120)","GUARANI","8"
"540183903","U.G.L. Nº 05 (Ext. Esc. Nº 170)","GUARANI","26"
"540183904","U.G.L. Nº 05 (Ext. Esc. Nº 400)","GUARANI","47"
"540183905","U.G.L. Nº 05 (Ext. Esc. Nº 446)","GUARANI","41"
"540183907","U.G.L. Nº 05 (Ext. Esc. Nº 460)","GUARANI","37"
"540183908","U.G.L. Nº 05 (Ext. Esc. Nº 485)","GUARANI","25"
"540183909","U.G.L. Nº 05 (Ext. Esc. Nº 516)","GUARANI","36"
"540183911","U.G.L. Nº 05 (Ext. Esc. Nº 564)","GUARANI","36"
"540183912","U.G.L. Nº 05 (Ext. Esc. Nº 605)","GUARANI","21"
"540183913","U.G.L. Nº 05 (Ext. Esc. Nº 653)","GUARANI","23"
"540183914","U.G.L. Nº 05 (Ext. Esc. Nº 664)","GUARANI","11"
"540184001","U.G.L. Nº 06 (Ext. Esc. Nº 578)","CAINGUAS","14"
"540184004","U.G.L. Nº 06 (Ext. Esc. Nº 028)","25 DE MAYO","6"
"540184005","U.G.L. Nº 06 (Ext. Esc. Nº 551)","25 DE MAYO","14"
"540184006","U.G.L. Nº 06 (Ext. Esc. Nº 568)","25 DE MAYO","8"
"540184008","U.G.L. Nº 06 (Ext. Esc. Nº 292)","25 DE MAYO","13"
"540184009","U.G.L. Nº 06 (Ext. Esc. Nº 562)","25 DE MAYO","13"
"540184011","U.G.L. Nº 06 (Ext. Esc. Nº 394)","25 DE MAYO","11"
"540184012","U.G.L. Nº 06 (Ext. Esc. Nº 830)","25 DE MAYO","8"
"540184013","U.G.L. Nº 06 (Ext. Esc. Nº 386)","25 DE MAYO","21"
"540184014","U.G.L. Nº 06 (Ext. Esc. Nº 560)","25 DE MAYO","7"
"540184015","U.G.L. Nº 06 (Ext. Esc. Nº 351)","25 DE MAYO","12"
"540184016","U.G.L. Nº 06 (Ext. Esc. Nº 641)","25 DE MAYO","24"
"540184017","U.G.L. Nº 06 (Ext. Esc. Nº 360)","25 DE MAYO","15"
"540184019","U.G.L. Nº 06 (Ext. Esc. Nº 376)","25 DE MAYO","10"
"540184101","U.G.L. Nº 07 (Ext. Esc. Nº 40)","CAINGUAS","6"
"540184102","U.G.L. Nº 07 (Ext. Esc. Nº 213)","CAINGUAS","53"
"540184104","U.G.L. Nº 07 (Ext. Esc. Nº 496)","CAINGUAS","9"
"540184105","U.G.L. Nº 07 (Ext. Esc. Nº 589)","CAINGUAS","10"
"540184106","U.G.L. Nº 07 (Ext. Esc. Nº 209)","CAINGUAS","12"
"540184109","U.G.L. Nº 07 (Ext. Esc. Nº 459)","CAINGUAS","20"
"540184110","U.G.L. Nº 07 (Ext. Esc. Nº 29)","OBERA","8"
"540184113","U.G.L. Nº 07 (Ext. Esc. Nº 370)","CAINGUAS","5"
"540184114","U.G.L. Nº 07 (Ext. Esc. Nº 493)","CAINGUAS","5"
"540184115","U.G.L. Nº 07 (Ext. Esc. Nº 422)","CAINGUAS","35"
"540184116","U.G.L. Nº 07 (Ext. Esc. Nº 570)","CAINGUAS","10"
"540184117","U.G.L. Nº 07 (Ext. Esc. Nº 329)","CAINGUAS","14"
"540184201","U.G.L. Nº 08 (Ext. Esc. Nº 22)","CAINGUAS","44"
"540184202","U.G.L. Nº 08 (Ext. Esc. Nº 235)","CAINGUAS","22"
"540184203","U.G.L.Nº 08 (Ext. Esc. Nº 383)","CAINGUAS","8"
"540184205","U.G.L. Nº 08 (Ext. Esc. Nº 410)","CAINGUAS","19"
"540184206","U.G.L. Nº 08 (Ext. Esc. Nº 415)","CAINGUAS","12"
"540184207","U.G.L. Nº 08 (Ext. Esc. Nº 432)","GUARANI","51"
"540184208","U.G.L. Nº 08 (Ext. Esc. Nº 471)","CAINGUAS","24"
"540184209","U.G.L. Nº 08 (Ext. Esc. Nº 473)","CAINGUAS","47"
"540184210","U.G.L. Nº 08 (Ext. Esc. Nº 499)","CAINGUAS","8"
"540184211","U.G.L. Nº 08 (Ext. Esc. Nº 517)","CAINGUAS","22"
"540184212","U.G.L. Nº 08 (Ext. Esc. Nº 532)","CAINGUAS","31"
"540184213","U.G.L. Nº 08 (Ext. Esc. Nº 549)","CAINGUAS","15"
"540184214","U.G.L. Nº 08 (Ext. Esc. Nº 595)","CAINGUAS","20"
"540184215","U.G.L. Nº 08 (Ext. Esc. Nº 734)","CAINGUAS","29"
"540184217","U.G.L. Nº 08 (Ext. Esc. Nº 814)","CAINGUAS","7"
"540184218","U.G.L. Nº 08 (Ext. Esc. Nº 854)","CAINGUAS","9"
"540184219","U.G.L. Nº 08 (Ext. Esc. Nº 861)","CAINGUAS","37"
"540184301","U.G.L. Nº 09 (Ext. Esc. Nº 461)","OBERA","7"
"540184302","U.G.L. Nº 09 (Ext. Esc. Nº 691)","OBERA","18"
"540184303","U.G.L. Nº 09 (Ext. Esc. Nº 525)","OBERA","26"
"540184304","U.G.L. Nº 09 (Ext. Esc. Nº 261)","OBERA","23"
"540184308","U.G.L. Nº 09 (Ext. Esc. Nº 584)","OBERA","23"
"540184309","U.G.L. Nº 09 (Ext. Esc. Nº 153)","OBERA","32"
"540184310","U.G.L. Nº 09 (Ext. Esc. Nº 888)","OBERA","12"
"540184401","U.G.L. Nº 10 (Ext. Esc. Nº 217)","OBERA","16"
"540184402","U.G.L. Nº 10 (Ext. Esc. Nº 290)","OBERA","17"
"540184403","U.G.L. Nº 10 (Ext. Esc. Nº 312)","OBERA","8"
"540184404","U.G.L. Nº 10 (Ext. Esc. Nº 338)","OBERA","12"
"540184405","U.G.L. Nº 10 (Ext. Esc. Nº 358)","OBERA","31"
"540184406","U.G.L. Nº 10 (Ext. Esc. Nº 456)","OBERA","12"
"540184407","U.G.L. Nº 10 (Ext. Esc. Nº 488)","OBERA","5"
"540184408","U.G.L. Nº 10 (Ext. Esc. Nº 639)","OBERA","25"
"540184409","U.G.L. Nº 10 (Ext. Esc. Nº 702)","OBERA","26"
"540184501","U.G.L. Nº 11 (Ext. Esc. Nº 226)","LEANDRO N. ALEM","22"
"540184503","U.G.L. Nº 11 (Ext. Esc. Nº 55)","LEANDRO N. ALEM","41"
"540184506","U.G.L. Nº 11 (Ext. Esc. Nº 139)","LEANDRO N. ALEM","17"
"540184507","U.G.L. Nº 11 (Ext. Esc. Nº 148)","LEANDRO N. ALEM","13"
"540184510","U.G.L. Nº 11 (Ext. Esc. Nº 176)","LEANDRO N. ALEM","38"
"540184511","U.G.L. Nº 11 (Ext. Esc. Nº 178)","LEANDRO N. ALEM","29"
"540184512","U.G.L. Nº 11 (Ext. Esc. Nº 195)","LEANDRO N. ALEM","26"
"540184513","U.G.L. Nº 11 (Ext. Esc. Nº 196)","LEANDRO N. ALEM","26"
"540184514","U.G.L. Nº 11 (Ext. Esc. Nº 257)","LEANDRO N. ALEM","9"
"540184515","U.G.L. Nº 11 (Ext. Esc. Nº 620)","LEANDRO N. ALEM","17"
"540184516","U.G.L. Nº 11 (Ext. Esc. Nº 624)","LEANDRO N. ALEM","44"
"540184517","U.G.L. Nº 11 (Ext. Esc. Nº 629)","LEANDRO N. ALEM","14"
"540184518","U.G.L. Nº 11 (Ext. Esc. Nº 712)","LEANDRO N. ALEM","3"
"540184519","U.G.L. Nº 11 (Ext. Esc. Nº 772)","LEANDRO N. ALEM","37"
"540184521","U.G.L. Nº 11 (Ext. Esc. Nº 337)","LEANDRO N. ALEM","17"
"540184522","U.G.L. Nº 11 (Ext. Esc. Nº 63)","APOSTOLES","33"
"540184602","U.G.L. Nº 12 (Ext. Esc. Nº 259)","SAN IGNACIO","15"
"540184603","U.G.L. Nº 12 (Ext. Esc. Nº 480)","SAN IGNACIO","13"
"540184604","U.G.L. Nº 12 (Ext. Esc. Nº 313)","SAN IGNACIO","17"
"540184606","U.G.L. Nº 12 (Ext. Esc. Nº 559)","SAN IGNACIO","24"
"540184607","U.G.L. Nº 12 (Ext. Esc. Nº 368)","SAN IGNACIO","6"
"540184610","U.G.L. Nº 12 (Ext. Esc. Nº 727)","SAN IGNACIO","62"
"540184612","U.G.L. Nº 12 (Ext. Esc. Nº 465)","SAN IGNACIO","13"
"540184613","U.G.L. Nº 12 (Ext. Aula Sat. Nº 01: ""ESC. Nº 743"")","SAN IGNACIO","4"
"540184615","U.G.L. Nº 12 (Ext. Esc. Nº 44)","SAN IGNACIO","38"
"540184616","U.G.L. Nº 12 (Ext. Esc. Nº 378)","SAN IGNACIO","15"
"540184701","U.G.L. Nº 13 (Ext. Esc. Nº 440)","SAN IGNACIO","34"
"540184702","U.G.L. Nº 13 (Ext. Esc. Nº 648)","LIBERTADOR GENERAL SAN MARTIN","59"
"540184704","U.G.L. Nº 13 (Ext. Esc. Nº 632)","LIBERTADOR GENERAL SAN MARTIN","15"
"540184706","U.G.L. Nº 13 (Ext. Esc. Nº 447)","LIBERTADOR GENERAL SAN MARTIN","15"
"540184707","U.G.L. Nº 13 (Ext. Esc. Nº 334)","LIBERTADOR GENERAL SAN MARTIN","19"
"540184708","U.G.L. Nº 13 (Ext. Esc. Nº 222)","LIBERTADOR GENERAL SAN MARTIN","42"
"540184709","U.G.L. Nº 13 (Ext. Esc. Nº 441)","LIBERTADOR GENERAL SAN MARTIN","3"
"540184711","U.G.L. Nº 13 (Ext. Esc. Nº 189)","LIBERTADOR GENERAL SAN MARTIN","59"
"540184712","U.G.L. Nº 13 (Ext. Esc. Nº 231)","LIBERTADOR GENERAL SAN MARTIN","18"
"540184713","U.G.L. Nº 13 (Ext. Esc. Nº 970)","LIBERTADOR GENERAL SAN MARTIN","33"
"540184714","U.G.L. Nº 13 (Ext. Esc. Nº 762)","LIBERTADOR GENERAL SAN MARTIN","19"
"540184801","U.G.L. Nº 14 (Ext. Esc. Nº 210)","GENERAL MANUEL BELGRANO","54"
"540184802","U.G.L. Nº 14 (Ext. Esc. Nº 212)","GENERAL MANUEL BELGRANO","10"
"540184804","U.G.L. Nº 14 (Ext. Esc. Nº 388)","GENERAL MANUEL BELGRANO","10"
"540184805","U.G.L. Nº 14 (Ext. Esc. Nº 507)","GENERAL MANUEL BELGRANO","17"
"540184807","U.G.L. Nº 14 (Ext. Esc. Nº 782)","GENERAL MANUEL BELGRANO","5"
"540184808","U.G.L. Nº 14 (Ext. Esc. Nº 833)","GENERAL MANUEL BELGRANO","11"
"540184810","U.G.L. Nº 14 (Ext. Esc. Nº 357)","GENERAL MANUEL BELGRANO","40"
"540184901","U.G.L. Nº 15 (Ext. Esc. Nº 23)","GUARANI","17"
"540184903","U.G.L. Nº 15 (Ext. Esc. Nº 597)","GUARANI","8"
"540184907","U.G.L. Nº 15 (Ext. Esc. Nº 469)","25 DE MAYO","22"
"540184908","U.G.L. Nº 15 (Ext. Esc. Nº 405)","25 DE MAYO","12"
"540184909","U.G.L. Nº 15 (Ext. Esc. Nº 534)","GUARANI","5"
"540184910","U.G.L. Nº 15 (Ext. Esc. Nº 190)","GUARANI","28"
"540184911","U.G.L. Nº 15 (Ext. Esc. Nº 398)","GUARANI","35"
"540184912","U.G.L. Nº 15 (Ext. Esc. Nº 18)","GUARANI","8"
"540184913","U.G.L. Nº 15 (Ext. Esc. Nº 531)","GUARANI","58"
"540185500","E.P.E.T. Nº 34","CAPITAL","518"
"540185600","B.O.P. Nº 112","OBERA","176"
"540186700","E.P.E.T. Nº 45","CAPITAL","137"
"540186800","E.P.E.T. Nº 48","IGUAZU","155"
"540187000","I.E.A. Nº 16","APOSTOLES","90"
"540187200","E.P.E.T. Nº 44","GENERAL MANUEL BELGRANO","98"
"540187300","E.P.E.T. Nº 42","SAN IGNACIO","62"
"540187500","E.P.E.T. Nº 41","OBERA","103"
"540187600","I.E.A. Nº 14","CAINGUAS","91"
"540187900","I.E.A. Nº 17","GENERAL MANUEL BELGRANO","168"
"540187901","Aula Sat. Nº 01:""I.E.A. Nº 17"" (Ex Aula Sat. Nº 01:""E.P.E.T. Nº 28"")","SAN PEDRO","18"
"540188000","INST. ""CRISTIANO EMANUEL""","CAPITAL","151"
"540188300","E.P.E.T. Nº 51","IGUAZU","178"
"540188500","B.O.P. Nº 113 (Ex Ext. Esc. Nº 207-U.G.L. Nº 04)","GUARANI","245"
"540188600","B.O.P. Nº 114 (Ex Ext. Esc. Nº 518: U.G.L. Nº 12)","SAN IGNACIO","89"
"540190100","E.P.E.T. Nº 53","OBERA","80"
"540190301","Esc. Sec. Rural Mediada por T.I.C.(Extensión Aula Sat. Nº 01:""Esc. Nº 44"")","SAN IGNACIO","24"
"540190302","Esc. Sec. Rural Mediada por T.I.C. (Extensión Esc. Nº 683:""YAKA PA'U"")","25 DE MAYO","19"
"540190303","Esc. Sec. Rural Mediada por T.I.C. (Extensión Esc. Nº 905)","GUARANI","39"
"540190304","Esc. Sec. Rural Mediada por T.I.C. (Extensión Esc. Nº 938)","SAN PEDRO","22"
"540190305","Esc. Sec. Rural Mediada por T.I.C. (Extensión Esc. Nº 807"")","IGUAZU","45"
"540190306","Esc. Sec. Rural Mediada por T.I.C. (Extensión Esc. Nº 166:""Moisés Bertoni"")","CANDELARIA","40"
"540190307","Esc. Sec. Rural Mediada por T.I.C. (Extensión Esc. Nº 128:""Santa Catalina"")","APOSTOLES","29"
"540190308","Esc. Sec. Rural Mediada por T.I.C. (Extensión Esc. Nº 892)","SAN PEDRO","24"
"540190309","Esc. Sec. Rural Mediada por T.I.C. (Extensión Esc. Nº 836)","GUARANI","62"
"540190310","Esc. Sec. Rural Mediada por T.I.C. (Extensión Esc. Nº 812:""Arandú""))","SAN PEDRO","43"
"540190700","B.O.P. Nº 115 (Ex Aula Sat. Nº 01:""Esc. Normal Sup. Nº 06)","CAINGUAS","87"
"540190900","B.O.P. Nº 117: ""YRYAPU""","IGUAZU","65"
"540190901","Aula Sat. Nº 01: ""B.O.P. Nº 117"" (Ka aguy Porá)","GENERAL MANUEL BELGRANO","44"
"540192500","INST. ""LA BUENA SEMILLA""","LEANDRO N. ALEM","59"
"540194200","E.P.E.T. Nº 54 (Ex Aula Sat. Nº 01: ""E.P.E.T. Nº 06"")","ELDORADO","165"
"540196800","E.F.A. ""SAN ROQUE GONZÁLEZ""","SAN PEDRO","118"
"540196900","B.O.P. Nº 122 (Ex Aula Sat. Nº 02: ""B.O.P. Nº 85"")","CAPITAL","146"
"540197000","ESC. SECUNDARIA DE INNOVACIÓN DE MISIONES","CAPITAL","349"
"540198100","B.O.P. Nº 123 (Ex Aula Sat. Nº 02: ""B.O.P. Nº 76"")","GUARANI","105"
"540199400","B.O.P. Nº 124","GENERAL MANUEL BELGRANO","106"
"540199500","ESC. NORMAL SUP. Nº 14","SAN PEDRO","200"
"540199600","INST. SUP. ""ANDRES GUACURARI""","CAPITAL","121"
"540199900","INST. ""CRUCERO DEL NORTE""","CAPITAL","257"
"540200300","E.F.A. ""SAN JORGE""","IGUAZU","78"
"540201800","INST. AGROTÉCNICO ""PALABRAS DEL ALMA""","SAN PEDRO","56"
"540201900","E.F.A. ""SAN RAFAEL ARCANGEL""","CAINGUAS","105"
"540202000","E.F.A. ""SAN PEDRO Y SAN PABLO""","SAN JAVIER","115"
"540203200","INST. ""SAN NICOLÁS DE FLÜE""","IGUAZU","92"
"540203700","INST. EDUCATIVO ""STURE ANDERSSON"" - I.E.S.A. -","OBERA","107"
"540203900","INST. SUP. SALTOS DEL MOCONA","GUARANI","109"
"540206100","E.F.A. ""SAN MIGUEL""","ELDORADO","95"
"540206200","E.F.A. ""NTRA. SEÑORA DEL ROSARIO""","GUARANI","112"
"540206900","B.O.P. Nº 125","GUARANI","43"
"540209600","INST. ""ANDRES GUACURARI-CERRO AZUL""","LEANDRO N. ALEM","97"
"540210600","E.F.A. ""CAÁ YARÍ""","LEANDRO N. ALEM","55"
"540211500","B.O.P. Nº 116 (Ex Aula Sat. Nº 01: ""C.E.P. Nº 30"")","LIBERTADOR GENERAL SAN MARTIN","171"
"549000100","ESC. AGROT. ""ELDORADO""","ELDORADO","501"
"549000200","LICEO NAVAL MILITAR ""ALTE. STORNI""","CAPITAL","674"
